tar_name,filepath,hash
timeseries_png_abe6e88c,3_visualize/out/timeseries_AK.png,a7c4659b7d9ce6fa
timeseries_png_9acc7e06,3_visualize/out/timeseries_AL.png,c6cc15c98b23c5f3
timeseries_png_5d56c1eb,3_visualize/out/timeseries_AR.png,8a2a6b8a430f7b55
timeseries_png_42c7f3c4,3_visualize/out/timeseries_AZ.png,453f73f1129420c2
timeseries_png_417aa3f7,3_visualize/out/timeseries_CA.png,42610719537ac466
timeseries_png_f7d7a780,3_visualize/out/timeseries_CO.png,e0d22ba0bdebd911
timeseries_png_84fb9a10,3_visualize/out/timeseries_CT.png,8f3b75c53b2267ee
timeseries_png_8d39c0bb,3_visualize/out/timeseries_DC.png,1d2b0a40b5ccdce1
timeseries_png_c405f644,3_visualize/out/timeseries_DE.png,545a9bffbf3b5381
timeseries_png_7dc64d46,3_visualize/out/timeseries_FL.png,0310f8c3bb37f252
timeseries_png_cef4058e,3_visualize/out/timeseries_GA.png,d6da79d8ae627e11
timeseries_png_ae466295,3_visualize/out/timeseries_HI.png,53fecd523bc0b1f7
timeseries_png_ae086661,3_visualize/out/timeseries_IA.png,315ccbdb96d3d422
timeseries_png_e0ede5f7,3_visualize/out/timeseries_ID.png,ba6e24eca942ca56
timeseries_png_548f2f72,3_visualize/out/timeseries_IL.png,4b8ee487ab9fefd0
timeseries_png_e08c59b2,3_visualize/out/timeseries_IN.png,187c1969c2d33a25
timeseries_png_597166ff,3_visualize/out/timeseries_KS.png,5437731dcfbcfd24
timeseries_png_614014cd,3_visualize/out/timeseries_KY.png,47e242e7e838b51c
timeseries_png_8994f503,3_visualize/out/timeseries_LA.png,eda9e061edad7c1c
timeseries_png_69831918,3_visualize/out/timeseries_MA.png,af74da3871fea259
timeseries_png_0c6f8d3f,3_visualize/out/timeseries_MD.png,744891eaa675225f
timeseries_png_caa3b5d3,3_visualize/out/timeseries_ME.png,f8fc5d5086b0ddb7
timeseries_png_e3ee6188,3_visualize/out/timeseries_MI.png,32b719fac2b06f83
timeseries_png_245b49b8,3_visualize/out/timeseries_MN.png,414248e762a7a644
timeseries_png_3c0aecf7,3_visualize/out/timeseries_MO.png,3f51ad4dfa1549f9
timeseries_png_0cee30fa,3_visualize/out/timeseries_MS.png,47dbf2762b415799
timeseries_png_084f198a,3_visualize/out/timeseries_MT.png,8ba4c2f5d89ed6fd
timeseries_png_588ebd3e,3_visualize/out/timeseries_NC.png,3b8d8b197b4a2964
timeseries_png_010c0db5,3_visualize/out/timeseries_ND.png,d82c7528ca8a13a6
timeseries_png_77183f43,3_visualize/out/timeseries_NE.png,c391918007b0aa20
timeseries_png_fd5d73f9,3_visualize/out/timeseries_NH.png,1d45d70ee7a0c3cc
timeseries_png_4ca5f19e,3_visualize/out/timeseries_NJ.png,30034286c20f2622
timeseries_png_2f6a4a9e,3_visualize/out/timeseries_NM.png,a1503a559cf0c1dc
timeseries_png_422b9231,3_visualize/out/timeseries_NV.png,420219ede0b86de3
timeseries_png_ea0c381b,3_visualize/out/timeseries_NY.png,eb4e992b972cf34f
timeseries_png_73885228,3_visualize/out/timeseries_OH.png,f7faba7e51178b8b
timeseries_png_edf2fae5,3_visualize/out/timeseries_OK.png,e56064585fcc6e8a
timeseries_png_1bef213b,3_visualize/out/timeseries_OR.png,7ffd6c3bd0dbbc02
timeseries_png_7a488475,3_visualize/out/timeseries_PA.png,4f2f7833199848a9
timeseries_png_e17e39c3,3_visualize/out/timeseries_PR.png,a414453052464f22
timeseries_png_3fc9a115,3_visualize/out/timeseries_RI.png,75bc628016f7b868
timeseries_png_bc3cf054,3_visualize/out/timeseries_SC.png,a277f4b7ee6e82cd
timeseries_png_fb8d4423,3_visualize/out/timeseries_SD.png,3eadfbc301f50dbe
timeseries_png_d3119807,3_visualize/out/timeseries_TN.png,b867fe4e3f1fe821
timeseries_png_4426c759,3_visualize/out/timeseries_TX.png,97e84f16ec54326b
timeseries_png_7dd38f5f,3_visualize/out/timeseries_UT.png,0f9c0370fb6ebbd0
timeseries_png_6bef0396,3_visualize/out/timeseries_VA.png,261a54672c1b4749
timeseries_png_a91bdfeb,3_visualize/out/timeseries_WA.png,dc14bed9f1b3c08a
timeseries_png_d67abdef,3_visualize/out/timeseries_WI.png,bf67643fd2e185ff
timeseries_png_367a99ea,3_visualize/out/timeseries_WV.png,2bf52ea7d27b61a5
timeseries_png_2bd5c3ef,3_visualize/out/timeseries_WY.png,e9434b21ac71f476
